KEY_TBL,KEY_GROUP,COL,VAL,DISPLAYORDER
PRD_BIZ_SUMM.PREORDER_INV_DETAILS,IPHONE XR_XS_XSMAX,D_CUST_NATURE,'Online',1
PRD_BIZ_SUMM.PREORDER_INV_DETAILS,IPHONE XR_XS_XSMAX,D_CUST_NATURE,'RBD',2
PRD_BIZ_SUMM.PREORDER_INV_DETAILS,IPHONE XR_XS_XSMAX,D_CUST_NATURE,'SO',3
PRD_BIZ_SUMM.PREORDER_INV_DETAILS,IPHONE XR_XS_XSMAX,D_CUST_NATURE,'BM',4
PRD_BIZ_SUMM.PREORDER_INV_DETAILS,IPHONE XR_XS_XSMAX,D_CUST_NATURE,'Others',5
PRD_BIZ_SUMM.PREORDER_INV_DETAILS,IPHONE XR_XS_XSMAX,D_MKT_CD,' ',99
PRD_BIZ_SUMM.PREORDER_INV_DETAILS,IPHONE XR_XS_XSMAX,D_PRICE_LIST,' ',99
PRD_BIZ_SUMM.PREORDER_INV_DETAILS,IPHONE XR_XS_XSMAX,D_POS_SHOP_CD,' ',99
PRD_BIZ_SUMM.PREORDER_INV_DETAILS,IPHONE XR_XS_XSMAX,D_PREPAID_IND,'Y',1
PRD_BIZ_SUMM.PREORDER_INV_DETAILS,IPHONE XR_XS_XSMAX,D_PREPAID_IND,'N',2
