PROD_GROUP,PROD_CD,PROD_LONG_DESC,PROD_SHORT_DESC,SERIES,PRODUCT_NATURE,COLOR,DisplayOrder_ 1,DisplayOrder_ 2,Eff_Start_Date,Eff_End_Date
IPHONE XR_XS_XSMAX,MT122ZA/A,IPHONE XR 64GB BLACK,IPHONE XR 64GB,iPhone XR,64GB,Black,11,0,9/1/2018,12/31/2999
IPHONE XR_XS_XSMAX,MT132ZA/A,IPHONE XR 64GB WHITE,IPHONE XR 64GB,iPhone XR,64GB,White,12,0,9/1/2018,12/31/2999
IPHONE XR_XS_XSMAX,MT142ZA/A,IPHONE XR 64GB RED,IPHONE XR 64GB,iPhone XR,64GB,Red,13,0,9/1/2018,12/31/2999
IPHONE XR_XS_XSMAX,MT162ZA/A,IPHONE XR 64GB YELLOW,IPHONE XR 64GB,iPhone XR,64GB,Yellow,14,0,9/1/2018,12/31/2999
IPHONE XR_XS_XSMAX,MT172ZA/A,IPHONE XR 64GB CORAL,IPHONE XR 64GB,iPhone XR,64GB,Coral,15,0,9/1/2018,12/31/2999
IPHONE XR_XS_XSMAX,MT182ZA/A,IPHONE XR 64GB BLUE,IPHONE XR 64GB,iPhone XR,64GB,Blue,16,0,9/1/2018,12/31/2999
IPHONE XR_XS_XSMAX,MT192ZA/A,IPHONE XR 128GB BLACK,IPHONE XR 128GB,iPhone XR,128GB,Black,21,0,9/1/2018,12/31/2999
IPHONE XR_XS_XSMAX,MT1A2ZA/A,IPHONE XR 128GB WHITE,IPHONE XR 128GB,iPhone XR,128GB,White,22,0,9/1/2018,12/31/2999
IPHONE XR_XS_XSMAX,MT1D2ZA/A,IPHONE XR 128GB RED,IPHONE XR 128GB,iPhone XR,128GB,Red,23,0,9/1/2018,12/31/2999
IPHONE XR_XS_XSMAX,MT1E2ZA/A,IPHONE XR 128GB YELLOW,IPHONE XR 128GB,iPhone XR,128GB,Yellow,24,0,9/1/2018,12/31/2999
IPHONE XR_XS_XSMAX,MT1F2ZA/A,IPHONE XR 128GB CORAL,IPHONE XR 128GB,iPhone XR,128GB,Coral,25,0,9/1/2018,12/31/2999
IPHONE XR_XS_XSMAX,MT1G2ZA/A,IPHONE XR 128GB BLUE,IPHONE XR 128GB,iPhone XR,128GB,Blue,26,0,9/1/2018,12/31/2999
IPHONE XR_XS_XSMAX,MT1H2ZA/A,IPHONE XR 256GB BLACK,IPHONE XR 256GB,iPhone XR,256GB,Black,31,0,9/1/2018,12/31/2999
IPHONE XR_XS_XSMAX,MT1J2ZA/A,IPHONE XR 256GB WHITE,IPHONE XR 256GB,iPhone XR,256GB,White,32,0,9/1/2018,12/31/2999
IPHONE XR_XS_XSMAX,MT1L2ZA/A,IPHONE XR 256GB RED,IPHONE XR 256GB,iPhone XR,256GB,Red,33,0,9/1/2018,12/31/2999
IPHONE XR_XS_XSMAX,MT1M2ZA/A,IPHONE XR 256GB YELLOW,IPHONE XR 256GB,iPhone XR,256GB,Yellow,34,0,9/1/2018,12/31/2999
IPHONE XR_XS_XSMAX,MT1P2ZA/A,IPHONE XR 256GB CORAL,IPHONE XR 256GB,iPhone XR,256GB,Coral,35,0,9/1/2018,12/31/2999
IPHONE XR_XS_XSMAX,MT1Q2ZA/A,IPHONE XR 256GB BLUE,IPHONE XR 256GB,iPhone XR,256GB,Blue,36,0,9/1/2018,12/31/2999
